Company Name,Founded Year,HQ,Industry,Total Funding(USD),Annual Recurring Revenue(USD),Valuation(USD),Employees,Top Investors,Product,Rating,Rating_num,founded_year_clean,era,arr_per_dollar
Microsoft,1975-01-01,"Redmond, WA, USA",Enterprise Software,1000000000.0,270000000000,3000000000000,221000,"Bill Gates, Paul Allen","Azure, Office 365, Teams",4.4,4.4,1975,Before 2000,
Salesforce,1999-01-01,"San Francisco, CA, USA",CRM,65400000.0,37900000000,227800000000,75000,"Halsey Minor, Larry Ellison","Sales Cloud, Service Cloud",4.3,4.3,1999,Before 2000,
Adobe,1982-01-01,"San Jose, CA, USA",Creative Software,2500000.0,19400000000,240000000000,29945,Hambrecht & Quist,"Creative Cloud, Document Cloud",4.5,4.5,1982,Before 2000,
Oracle,1977-01-01,"Austin, TX, USA",Database & Enterprise,2000.0,52900000000,350000000000,143000,"Larry Ellison, Bob Miner","Oracle Cloud, NetSuite",4.0,4.0,1977,Before 2000,
SAP,1972-01-01,"Walldorf, Germany",Enterprise Software,,32500000000,215000000000,107415,"Dietmar Hopp, Klaus Tschira","S/4HANA, SuccessFactors",4.1,4.1,1972,Before 2000,
Intuit,1983-01-01,"Mountain View, CA, USA",Financial Software,273000000.0,14400000000,180000000000,18200,"Sierra Ventures, Kleiner Perkins","QuickBooks, TurboTax",4.4,4.4,1983,Before 2000,
ServiceNow,2004-01-01,"Santa Clara, CA, USA",IT Service Management,82500000.0,8900000000,147000000000,20000,"JMI Equity, Sequoia Capital",IT Service Management Platform,4.4,4.4,2004,2000–2009,
Workday,2005-01-01,"Pleasanton, CA, USA",HR & Finance,249900000.0,7300000000,65000000000,18800,"Greylock Partners, NEA","HCM, Financial Management",4.2,4.2,2005,2000–2009,
Zoom,2011-01-01,"San Jose, CA, USA",Video Communications,145500000.0,4500000000,85000000000,7388,"Sequoia Capital, Emergence",Video Conferencing Platform,4.5,4.5,2011,2010–2019,
Shopify,2006-01-01,"Ottawa, Canada",E-commerce,122300000.0,7100000000,95000000000,11600,"Bessemer, FirstMark, Felicis",E-commerce Platform,4.4,4.4,2006,2000–2009,
Atlassian,2002-01-01,"Sydney, Australia",Collaboration Software,60000000.0,3500000000,55000000000,11800,Accel Partners,"Jira, Confluence, Trello",4.3,4.3,2002,2000–2009,
Snowflake,2012-01-01,"Bozeman, MT, USA",Data Warehousing,1400000000.0,2800000000,75000000000,6500,"Sequoia, ICONIQ, Altimeter",Cloud Data Platform,4.4,4.4,2012,2010–2019,
HubSpot,2006-01-01,"Cambridge, MA, USA",Marketing & Sales,100500000.0,2200000000,32000000000,7600,"General Catalyst, Google Ventures","Marketing Hub, Sales Hub",4.4,4.4,2006,2000–2009,
DocuSign,2003-01-01,"San Francisco, CA, USA",Digital Agreements,514300000.0,2500000000,10000000000,7336,"Kleiner Perkins, Accel","eSignature, Contract Lifecycle",4.5,4.5,2003,2000–2009,
Slack,2009-01-01,"San Francisco, CA, USA",Team Communication,1400000000.0,1700000000,27700000000,2545,"Accel, Andreessen Horowitz",Team Messaging Platform,4.5,4.5,2009,2000–2009,
Notion,2013-01-01,"San Francisco, CA, USA",Productivity,353000000.0,400000000,10000000000,800,"Index Ventures, Sequoia",All-in-one workspace,4.7,4.7,2013,2010–2019,
Datadog,2010-01-01,"New York, NY, USA",Monitoring & Analytics,147900000.0,2100000000,44000000000,5200,"ICONIQ, Index Ventures",Infrastructure Monitoring,4.4,4.4,2010,2010–2019,
MongoDB,2007-01-01,"New York, NY, USA",Database,311200000.0,1700000000,26000000000,4500,"Sequoia, NEA, USV",Document Database Platform,4.5,4.5,2007,2000–2009,
Okta,2009-01-01,"San Francisco, CA, USA",Identity Management,230500000.0,2200000000,25000000000,5900,"Andreessen Horowitz, Greylock",Identity & Access Management,4.4,4.4,2009,2000–2009,
Twilio,2008-01-01,"San Francisco, CA, USA",Communications,261300000.0,4100000000,12000000000,7867,"Bessemer, Union Square",Communications APIs,4.3,4.3,2008,2000–2009,
Stripe,2010-01-01,"San Francisco, CA, USA",Payments,8700000000.0,14000000000,65000000000,800,"Sequoia, Andreessen Horowitz",Payment Processing Platform,4.4,4.4,2010,2010–2019,
Square,2009-01-01,"San Francisco, CA, USA",Payments,590500000.0,19700000000,85000000000,8500,"Khosla Ventures, Sequoia",Payment & POS Solutions,4.2,4.2,2009,2000–2009,
Palantir,2003-01-01,"Denver, CO, USA",Data Analytics,2600000000.0,2200000000,52000000000,3500,"Founders Fund, In-Q-Tel",Data Integration Platform,4.0,4.0,2003,2000–2009,
Canva,2013-01-01,"Sydney, Australia",Design,572600000.0,2000000000,40000000000,3500,"Sequoia, Bessemer, Bond",Design Platform,4.7,4.7,2013,2010–2019,
Monday.com,2012-01-01,"Tel Aviv, Israel",Work Management,234100000.0,736000000,14000000000,1900,"Sapphire Ventures, Insight",Work OS Platform,4.6,4.6,2012,2010–2019,
Asana,2008-01-01,"San Francisco, CA, USA",Work Management,453200000.0,652000000,5500000000,1600,"Benchmark, Founders Fund",Work Management Platform,4.3,4.3,2008,2000–2009,
Airtable,2012-01-01,"San Francisco, CA, USA",Database/Spreadsheet,735100000.0,500000000,11000000000,900,"Benchmark, Thrive Capital",Low-code Database Platform,4.6,4.6,2012,2010–2019,
Figma,2012-01-01,"San Francisco, CA, USA",Design,332900000.0,600000000,20000000000,1300,"Index Ventures, Greylock",Collaborative Design Tool,4.7,4.7,2012,2010–2019,
GitLab,2011-01-01,"San Francisco, CA, USA",DevOps,435600000.0,580000000,8000000000,2300,"ICONIQ, Goldman Sachs",DevOps Platform,4.5,4.5,2011,2010–2019,
Zendesk,2007-01-01,"San Francisco, CA, USA",Customer Service,85500000.0,1900000000,13200000000,6000,"Benchmark, Matrix Partners",Customer Service Platform,4.3,4.3,2007,2000–2009,
Box,2005-01-01,"Redwood City, CA, USA",Cloud Storage,562400000.0,1000000000,3500000000,2800,"DFJ, NEA, Bessemer",Cloud Content Management,4.2,4.2,2005,2000–2009,
Dropbox,2008-01-01,"San Francisco, CA, USA",Cloud Storage,1700000000.0,2500000000,8500000000,2700,"Sequoia, Accel, Index",Cloud Storage & Collaboration,4.4,4.4,2008,2000–2009,
Freshworks,2010-01-01,"San Mateo, CA, USA",Customer Engagement,484700000.0,596000000,5200000000,5000,"Accel, Sequoia Capital India",Customer Engagement Suite,4.4,4.4,2010,2010–2019,
Klaviyo,2012-01-01,"Boston, MA, USA",Marketing Automation,778200000.0,698000000,9500000000,1500,"Summit Partners, Accel",Email & SMS Marketing,4.6,4.6,2012,2010–2019,
UiPath,2005-01-01,"New York, NY, USA",RPA,2000000000.0,1300000000,7000000000,4013,"Sequoia, Accel, IVP",Robotic Process Automation,4.5,4.5,2005,2000–2009,
Databricks,2013-01-01,"San Francisco, CA, USA",Data & AI,3500000000.0,1600000000,43000000000,5000,"Andreessen Horowitz, NEA",Unified Analytics Platform,4.5,4.5,2013,2010–2019,
Confluent,2014-01-01,"Mountain View, CA, USA",Data Streaming,455900000.0,773000000,9100000000,2500,"Sequoia, Benchmark, Index",Data Streaming Platform,4.4,4.4,2014,2010–2019,
HashiCorp,2012-01-01,"San Francisco, CA, USA",Infrastructure,349500000.0,541000000,13000000000,2200,"GV, Mayfield, IVP",Infrastructure Automation,4.6,4.6,2012,2010–2019,
Elastic,2012-01-01,"Mountain View, CA, USA",Search & Analytics,162000000.0,1100000000,8000000000,3000,"NEA, Benchmark, Index",Search & Analytics Platform,4.4,4.4,2012,2010–2019,
PagerDuty,2009-01-01,"San Francisco, CA, USA",Incident Response,173700000.0,430000000,2800000000,1000,"Andreessen Horowitz, Bessemer",Digital Operations Platform,4.3,4.3,2009,2000–2009,
New Relic,2008-01-01,"San Francisco, CA, USA",Observability,215000000.0,785000000,6500000000,2300,"Benchmark, Trinity, Tenaya",Observability Platform,4.3,4.3,2008,2000–2009,
Splunk,2003-01-01,"San Francisco, CA, USA",Data Analytics,40000000.0,3700000000,28000000000,8000,"August Capital, JK&B Capital",Data Platform,4.4,4.4,2003,2000–2009,
Cloudflare,2009-01-01,"San Francisco, CA, USA",Web Infrastructure,332100000.0,1600000000,28000000000,3266,"NEA, Venrock, Union Square",Web Performance & Security,4.7,4.7,2009,2000–2009,
SendGrid,2009-01-01,"Denver, CO, USA",Email Delivery,81000000.0,200000000,28000000000,600,"Bessemer, Foundry Group",Email Delivery Platform,4.0,4.0,2009,2000–2009,
Mailchimp,2001-01-01,"Atlanta, GA, USA",Email Marketing,0.0,1000000000,12000000000,1200,Bootstrapped,Marketing Platform,4.3,4.3,2001,2000–2009,
Miro,2011-01-01,"San Francisco, CA, USA",Collaboration,476300000.0,400000000,17500000000,1800,"ICONIQ, Accel, GV",Visual Collaboration Platform,4.7,4.7,2011,2010–2019,
Grammarly,2009-01-01,"San Francisco, CA, USA",Writing Assistant,400000000.0,300000000,13000000000,600,"General Catalyst, IVP",AI Writing Assistant,4.6,4.6,2009,2000–2009,
Calendly,2013-01-01,"Atlanta, GA, USA",Scheduling,350600000.0,100000000,3000000000,700,"OpenView, ICONIQ",Scheduling Platform,4.7,4.7,2013,2010–2019,
Intercom,2011-01-01,"San Francisco, CA, USA",Customer Messaging,240700000.0,200000000,1300000000,800,"Kleiner Perkins, Bessemer",Customer Messaging Platform,4.4,4.4,2011,2010–2019,
Segment,2012-01-01,"San Francisco, CA, USA",Customer Data,284000000.0,200000000,3200000000,600,"Accel, GV, Kleiner Perkins",Customer Data Platform,4.5,4.5,2012,2010–2019,
Auth0,2013-01-01,"Bellevue, WA, USA",Identity,330000000.0,200000000,6500000000,850,"Bessemer, Sapphire",Identity Platform,4.4,4.4,2013,2010–2019,
Looker,2012-01-01,"Santa Cruz, CA, USA",Business Intelligence,281500000.0,150000000,2600000000,800,"CapitalG, Kleiner Perkins",Data Platform,4.4,4.4,2012,2010–2019,
Amplitude,2012-01-01,"San Francisco, CA, USA",Product Analytics,336000000.0,233000000,4000000000,700,"Sequoia, IVP, Battery",Product Analytics Platform,4.5,4.5,2012,2010–2019,
Mixpanel,2009-01-01,"San Francisco, CA, USA",Product Analytics,77000000.0,100000000,1050000000,300,"Andreessen Horowitz, Sequoia",Product Analytics,4.4,4.4,2009,2000–2009,
Sumo Logic,2010-01-01,"Redwood City, CA, USA",Log Management,235000000.0,299000000,2300000000,750,"Accel, DFJ, Greylock",Cloud Log Management,4.2,4.2,2010,2010–2019,
Zscaler,2008-01-01,"San Jose, CA, USA",Cloud Security,148000000.0,1600000000,30000000000,5000,"TPG, Lightspeed",Cloud Security Platform,4.4,4.4,2008,2000–2009,
CrowdStrike,2011-01-01,"Austin, TX, USA",Cybersecurity,481000000.0,3100000000,70000000000,7900,"Warburg Pincus, Accel",Endpoint Security Platform,4.7,4.7,2011,2010–2019,
Palo Alto Networks,2005-01-01,"Santa Clara, CA, USA",Cybersecurity,66300000.0,7500000000,95000000000,13300,"Sequoia, Greylock",Security Platform,4.5,4.5,2005,2000–2009,
RingCentral,2003-01-01,"Belmont, CA, USA",Communications,44000000.0,2200000000,5000000000,3600,"Sequoia, Khosla, Scale",Cloud Communications,4.2,4.2,2003,2000–2009,
Five9,2001-01-01,"San Ramon, CA, USA",Contact Center,242000000.0,787000000,8000000000,2800,"Adams Street, Partech",Contact Center Platform,4.3,4.3,2001,2000–2009,
Veeva Systems,2007-01-01,"Pleasanton, CA, USA",Life Sciences,7000000.0,2400000000,35000000000,5600,Emergence Capital,Life Sciences Cloud,4.3,4.3,2007,2000–2009,
Coupa,2006-01-01,"San Mateo, CA, USA",Spend Management,169500000.0,725000000,8000000000,3200,"Battery, Crosslink",Business Spend Management,4.3,4.3,2006,2000–2009,
Bill.com,2006-01-01,"San Jose, CA, USA",Financial Operations,402700000.0,900000000,9000000000,2500,"Bank of America, TPG",Financial Operations Platform,4.3,4.3,2006,2000–2009,
Zoom Info,2007-01-01,"Vancouver, WA, USA",Sales Intelligence,241700000.0,1100000000,12000000000,3500,"TA Associates, Carlyle",Go-to-Market Platform,4.4,4.4,2007,2000–2009,
Smartsheet,2005-01-01,"Bellevue, WA, USA",Work Management,120800000.0,880000000,8400000000,3200,"Insight Partners, Madrona",Work Management Platform,4.4,4.4,2005,2000–2009,
Qualtrics,2002-01-01,"Provo, UT, USA",Experience Management,400000000.0,1500000000,12500000000,5300,"Sequoia, Accel, Insight",Experience Management Platform,4.4,4.4,2002,2000–2009,
Wix,2006-01-01,"Tel Aviv, Israel",Website Building,59000000.0,1600000000,10000000000,5500,"Benchmark, Bessemer",Website Builder Platform,4.2,4.2,2006,2000–2009,
Toast,2011-01-01,"Boston, MA, USA",Restaurant Tech,902000000.0,3900000000,20000000000,4500,"TCV, Tiger Global",Restaurant Management Platform,4.3,4.3,2011,2010–2019,
Gong,2015-01-01,"San Francisco, CA, USA",Revenue Intelligence,584000000.0,250000000,7300000000,1300,"Sequoia, Coatue, Thrive",Revenue Intelligence Platform,4.7,4.7,2015,2010–2019,
Outreach,2014-01-01,"Seattle, WA, USA",Sales Engagement,489000000.0,200000000,4400000000,1000,"Lone Pine, Meritech, Spark",Sales Engagement Platform,4.3,4.3,2014,2010–2019,
Salesloft,2011-01-01,"Atlanta, GA, USA",Sales Engagement,245000000.0,200000000,2300000000,900,"Insight Partners, HarbourVest",Sales Engagement Platform,4.4,4.4,2011,2010–2019,
Braze,2011-01-01,"New York, NY, USA",Customer Engagement,175000000.0,420000000,5600000000,1300,"Spark Capital, NEA",Customer Engagement Platform,4.5,4.5,2011,2010–2019,
LaunchDarkly,2014-01-01,"Oakland, CA, USA",Feature Management,330000000.0,100000000,3000000000,350,"Bessemer, Redpoint",Feature Management Platform,4.7,4.7,2014,2010–2019,
Gusto,2011-01-01,"San Francisco, CA, USA",HR & Payroll,516000000.0,500000000,9500000000,2500,"General Catalyst, CapitalG",HR & Payroll Platform,4.5,4.5,2011,2010–2019,
Rippling,2016-01-01,"San Francisco, CA, USA",HR & IT,1200000000.0,350000000,13500000000,2000,"Founders Fund, Greenoaks",Employee Management Platform,4.8,4.8,2016,2010–2019,
Carta,2012-01-01,"San Francisco, CA, USA",Equity Management,1100000000.0,300000000,7400000000,1600,"Andreessen Horowitz, Lightspeed",Equity Management Platform,4.4,4.4,2012,2010–2019,
Plaid,2013-01-01,"San Francisco, CA, USA",Financial APIs,734000000.0,400000000,13400000000,800,"NEA, Spark Capital",Financial Data Platform,4.5,4.5,2013,2010–2019,
Marqeta,2010-01-01,"Oakland, CA, USA",Card Issuing,528000000.0,717000000,4300000000,900,"ICONIQ, Goldman Sachs",Card Issuing Platform,4.3,4.3,2010,2010–2019,
Affirm,2012-01-01,"San Francisco, CA, USA",BNPL,1500000000.0,1600000000,12000000000,2500,"Founders Fund, Lightspeed",Buy Now Pay Later Platform,4.1,4.1,2012,2010–2019,
Ramp,2019-01-01,"New York, NY, USA",Expense Management,1200000000.0,300000000,8100000000,500,"Thrive Capital, Founders Fund",Finance Platform,4.8,4.8,2019,2010–2019,
Brex,2017-01-01,"San Francisco, CA, USA",Corporate Cards,1500000000.0,400000000,12300000000,1100,"DST Global, Ribbit Capital",Financial Platform,4.6,4.6,2017,2010–2019,
Navan,2015-01-01,"Palo Alto, CA, USA",Travel & Expense,1500000000.0,400000000,9200000000,2500,"Andreessen Horowitz, Addition",Travel & Expense Platform,4.7,4.7,2015,2010–2019,
Benchling,2012-01-01,"San Francisco, CA, USA",Life Sciences R&D,425000000.0,100000000,6100000000,600,"Altimeter, Lux Capital",Life Sciences R&D Platform,4.6,4.6,2012,2010–2019,
Celonis,2011-01-01,"Munich, Germany",Process Mining,1400000000.0,600000000,13000000000,3000,"Arena Holdings, Durable Capital",Process Mining Platform,4.5,4.5,2011,2010–2019,
Redis,2011-01-01,"Mountain View, CA, USA",Database,347000000.0,100000000,2000000000,800,"Tiger Global, Softbank",In-Memory Database,4.5,4.5,2011,2010–2019,
Algolia,2012-01-01,"San Francisco, CA, USA",Search & Discovery,334000000.0,100000000,2300000000,700,"Accel, Salesforce Ventures",Search & Discovery API,4.6,4.6,2012,2010–2019,
Samsara,2015-01-01,"San Francisco, CA, USA",IoT,930000000.0,856000000,12000000000,2100,"Andreessen Horowitz, Tiger",Connected Operations Platform,4.4,4.4,2015,2010–2019,
Verkada,2016-01-01,"San Mateo, CA, USA",Physical Security,460000000.0,400000000,3200000000,1600,"Sequoia, Felicis",Cloud Security Platform,4.7,4.7,2016,2010–2019,
JFrog,2008-01-01,"Sunnyvale, CA, USA",DevOps,228500000.0,265000000,5700000000,1000,"Insight Partners, Qumra",DevOps Platform,4.4,4.4,2008,2000–2009,
Netskope,2012-01-01,"Santa Clara, CA, USA",Cloud Security,1400000000.0,500000000,7500000000,2500,"Sequoia, Lightspeed",SASE Platform,4.6,4.6,2012,2010–2019,
OneTrust,2016-01-01,"Atlanta, GA, USA",Privacy & Security,920000000.0,500000000,5300000000,2500,"Generation IM, Insight",Trust Intelligence Platform,4.3,4.3,2016,2010–2019,
Tanium,2007-01-01,"Kirkland, WA, USA",Endpoint Management,1000000000.0,500000000,9500000000,2000,"Andreessen Horowitz, IVP",Endpoint Management Platform,4.2,4.2,2007,2000–2009,
Rubrik,2014-01-01,"Palo Alto, CA, USA",Data Security,750000000.0,600000000,6000000000,2600,"Lightspeed, Greylock",Zero Trust Data Security,4.6,4.6,2014,2010–2019,
AppDynamics,2008-01-01,"San Francisco, CA, USA",APM,315000000.0,600000000,3700000000,2000,"Lightspeed, Greylock",Application Performance Monitoring,4.3,4.3,2008,2000–2009,
Snyk,2015-01-01,"Boston, MA, USA",Developer Security,1400000000.0,200000000,7400000000,1300,"Tiger Global, Accel",Developer Security Platform,4.5,4.5,2015,2010–2019,
CircleCI,2011-01-01,"San Francisco, CA, USA",CI/CD,315000000.0,100000000,1700000000,500,"IVP, DFJ Growth",CI/CD Platform,4.4,4.4,2011,2010–2019,
ServiceTitan,2012-01-01,"Glendale, CA, USA",Field Service,1500000000.0,685000000,9500000000,2700,"Tiger Global, Sequoia",Field Service Management,4.2,4.2,2012,2010–2019,
Procore,2002-01-01,"Carpinteria, CA, USA",Construction,899000000.0,943000000,9000000000,3200,"Bessemer, Tiger Global",Construction Management Platform,4.5,4.5,2002,2000–2009,
Automattic,2005-01-01,"San Francisco, CA, USA",Web Publishing,987000000.0,400000000,7500000000,2000,"Salesforce Ventures, Insight","WordPress.com, WooCommerce",4.4,4.4,2005,2000–2009,
Vimeo,2004-01-01,"New York, NY, USA",Video Platform,450000000.0,433000000,1500000000,1200,"Thrive Capital, IAC",Video Platform,4.2,4.2,2004,2000–2009,
